DATE,SERIES,OPEN,HIGH,LOW,PREV. CLOSE,LTP,CLOSE,VWAP,52W H,52W L,VOLUME,VALUE,NO OF TRADES,SYMBOL
2025-09-09,EQ,1019,1062.8,1009,1012.8,1043.5,1039.1,1039.83,1272,841.15,482795,502025156.4,38246,WAAREERTL
2025-09-08,EQ,1010.1,1027.3,1010.1,1016.2,1016.5,1012.8,1017.84,1272,841.15,132956,135327938.9,12667,WAAREERTL
2025-09-05,EQ,1024,1026.9,1005.5,1016,1023,1016.2,1012.62,1272,841.15,125841,127429489.8,11848,WAAREERTL
2025-09-04,EQ,1031.6,1040,1011.1,1026.5,1025,1016,1023.78,1272,841.15,127325,130353320.5,11647,WAAREERTL
2025-09-03,EQ,1027.9,1036.2,1021.1,1020.3,1028.2,1026.5,1027.97,1272,841.15,120886,124267359.7,10921,WAAREERTL
2025-09-02,EQ,1042.8,1045,1016.6,1038.6,1020.5,1020.3,1029.79,1272,841.15,178641,183962305.3,12220,WAAREERTL
2025-09-01,EQ,1025.1,1044.3,1025.1,1023.6,1040,1038.6,1035.92,1272,841.15,182062,188601646.6,12898,WAAREERTL
2025-08-29,EQ,1033,1039.1,1020,1037.5,1020,1023.6,1028.85,1272,841.15,126586,130237642.5,10945,WAAREERTL
2025-08-28,EQ,1020,1051,1018.6,1024.6,1033.3,1037.5,1034.61,1272,841.15,257940,266867123.6,20059,WAAREERTL
2025-08-26,EQ,1042.4,1044,1020,1044.6,1023,1024.6,1025.47,1272,841.15,188422,193221961.1,13677,WAAREERTL
2025-08-25,EQ,1080,1082.7,1040.1,1065.9,1045,1044.6,1056.27,1272,841.15,182194,192446389.7,15127,WAAREERTL
2025-08-22,EQ,1028.7,1075,1026.4,1026.6,1071,1065.9,1053.76,1272,841.15,490070,516416228.7,33777,WAAREERTL
2025-08-21,EQ,1027.9,1053,1019.5,1025.8,1030,1026.6,1033.86,1272,841.15,191126,197598193.8,14929,WAAREERTL
2025-08-20,EQ,1034,1035,1015.8,1032.1,1028.1,1025.8,1024.88,1272,841.15,127893,131075137.8,10353,WAAREERTL
2025-08-19,EQ,1011,1039,1007.4,1010.9,1036.9,1032.1,1028.45,1272,841.15,288676,296890259,18462,WAAREERTL
2025-08-18,EQ,1018,1024.9,1001.6,997.1,1010,1010.9,1013.93,1272,841.15,150579,152676438.6,10799,WAAREERTL
2025-08-14,EQ,999,1011.5,992,1004.3,998.3,997.1,999.16,1272,841.15,153463,153333452.6,12235,WAAREERTL
2025-08-13,EQ,1008,1014.9,996.3,1003.1,1005,1004.3,1002.16,1272,841.15,190057,190467260,11901,WAAREERTL
2025-08-12,EQ,1012.8,1016,993,1005.7,1003.1,1003.1,1008.43,1272,841.15,153456,154749024.3,10731,WAAREERTL
2025-08-11,EQ,1003.8,1011.6,987.4,998.6,1007.5,1005.7,1002.53,1272,841.15,202296,202807214.4,16243,WAAREERTL
2025-08-08,EQ,1033,1039.2,992,1026.9,996,998.6,1011.21,1272,841.15,205305,207605459.2,15138,WAAREERTL
2025-08-07,EQ,1020.1,1034.1,1006,1034,1033.5,1026.9,1020.54,1272,841.15,227841,232520395,16854,WAAREERTL
2025-08-06,EQ,1028,1046.7,1009.5,1027.4,1035,1034,1031.39,1272,841.15,354710,365843088.5,20642,WAAREERTL
2025-08-05,EQ,1037,1051.7,1023,1035,1027.9,1027.4,1032.72,1272,841.15,187002,193121621.5,14232,WAAREERTL
2025-08-04,EQ,1046.4,1053.5,1031,1044.3,1036.7,1035,1040.11,1272,841.15,201387,209465439.4,14646,WAAREERTL
2025-08-01,EQ,1051.2,1061.7,1035.9,1046.1,1040.5,1044.3,1050.67,1272,841.15,231304,243023772.9,16282,WAAREERTL
2025-07-31,EQ,1031,1070.1,1025.7,1061.5,1050.4,1046.1,1048.13,1272,841.15,371762,389654103.1,24440,WAAREERTL
2025-07-30,EQ,1094.2,1097,1054.1,1085,1062,1061.5,1069.03,1272,841.15,332451,355401013.8,21225,WAAREERTL
2025-07-29,EQ,1058,1097,1040.8,1041.7,1091.9,1085,1065.49,1272,841.15,554595,590915497.7,29707,WAAREERTL
2025-07-28,EQ,1059.1,1080,1033.3,1054.1,1041.8,1041.7,1057.08,1272,841.15,485954,513691923.2,31355,WAAREERTL
2025-07-25,EQ,1095,1098,1050,1092.9,1054,1054.1,1069.61,1272,841.15,431240,461257032.6,24413,WAAREERTL
2025-07-24,EQ,1128.5,1128.5,1086.1,1120,1093,1092.9,1102.48,1272,841.15,479302,528420294.3,24386,WAAREERTL
2025-07-23,EQ,1111.9,1132.1,1076.7,1100.6,1119.5,1120,1105,1272,841.15,1056293,1167199615.4,41223,WAAREERTL
2025-07-22,EQ,1112.7,1146,1080,1111.4,1101,1100.6,1120.69,1272,841.15,1014542,1136982228,36797,WAAREERTL
2025-07-21,EQ,1187.9,1193.6,1103.2,1186.1,1111,1111.4,1125.28,1272,841.15,1493248,1680323126.7,64876,WAAREERTL
2025-07-18,EQ,1202,1240,1181.1,1184.3,1185.4,1186.1,1206.53,1272,841.15,3861434,4658927501,126533,WAAREERTL
2025-07-17,EQ,1227,1272,1167.7,1202.5,1176.9,1184.3,1213.07,1272,841.15,7893688,9575595856.9,226842,WAAREERTL
2025-07-16,EQ,1133,1267.9,1121,1146.7,1215,1202.5,1222.95,1267.9,841.15,12091621,14787421492.8,334817,WAAREERTL
2025-07-15,EQ,985,1165,985,976,1128,1146.7,1114.83,1170,841.15,9769176,10890996202,307161,WAAREERTL
2025-07-14,EQ,986.4,990.1,971.2,984.7,978,976,977.41,1170,841.15,121097,118361878.3,8155,WAAREERTL
2025-07-11,EQ,985.6,999.9,975.8,995.2,981.9,984.7,986.06,1170,841.15,147327,145272767.4,9650,WAAREERTL
2025-07-10,EQ,985,998.5,980.8,985.8,995.3,995.2,990.17,1170,841.15,167971,166319638.9,10819,WAAREERTL
2025-07-09,EQ,983.2,1002.3,980.1,978.5,984.9,985.8,992.38,1170,841.15,146940,145820669.9,11332,WAAREERTL
2025-07-08,EQ,989,994.2,975,988.2,985,978.5,981.31,1170,841.15,122410,120122095.8,10024,WAAREERTL
2025-07-07,EQ,991,996.2,983.2,994.9,985.7,988.2,988.83,1170,841.15,91202,90183504.9,7484,WAAREERTL
2025-07-04,EQ,996,999.9,982,989.5,996,994.9,990.59,1170,841.15,113044,111980340.2,7687,WAAREERTL
2025-07-03,EQ,999,1005.4,985.3,988.3,989.3,989.5,993.81,1170,841.15,139249,138387352.6,9772,WAAREERTL
2025-07-02,EQ,997,1003.9,981.7,999,989,988.3,989.26,1170,841.15,121681,120374073.3,9466,WAAREERTL
2025-07-01,EQ,1006.9,1014.9,992,1001.4,996.7,999,998.74,1170,841.15,150544,150354835.3,8532,WAAREERTL
2025-06-30,EQ,990,1019,988.9,985.4,1006,1001.4,1001.94,1170,841.15,401378,402154726.9,19461,WAAREERTL
2025-06-27,EQ,995,1005,979.8,991.2,986.1,985.4,990.63,1170,841.15,186728,184978478.4,9986,WAAREERTL
2025-06-26,EQ,999.1,1005.3,986.2,1000.9,993.5,991.2,992.13,1170,841.15,125408,124420458.2,8327,WAAREERTL
2025-06-25,EQ,998.8,1018.3,996.8,990,1002,1000.9,1005.88,1170,841.15,156018,156934807,12292,WAAREERTL
2025-06-24,EQ,1020,1025,983,988,992,990,1000.79,1170,841.15,245392,245584733,17681,WAAREERTL
2025-06-23,EQ,979.5,999.8,972.1,985.9,987,988,988.25,1170,841.15,286977,283603735.8,20848,WAAREERTL
2025-06-20,EQ,940,988.9,940,943.2,986.9,985.9,972.43,1170,841.15,211243,205419097.3,14103,WAAREERTL
2025-06-19,EQ,967.9,981.3,940,970.5,941.5,943.2,956.94,1170,841.15,162034,155057344.5,15009,WAAREERTL
2025-06-18,EQ,984.1,991,966.4,985.5,967,970.5,977.1,1170,841.15,231321,226023510.7,16328,WAAREERTL
2025-06-17,EQ,994.9,1005,982.6,993.9,990,985.5,992.09,1170,841.15,109453,108586891.4,8446,WAAREERTL
2025-06-16,EQ,994.1,1000.9,963,994.1,992.5,993.9,981.9,1170,841.15,192929,189436900.7,18198,WAAREERTL
2025-06-13,EQ,980,1005.2,975.4,1006.3,995.5,994.1,990.85,1170,841.15,187879,186160387.1,14738,WAAREERTL
2025-06-12,EQ,1022.1,1031.9,999.1,1022.4,1007,1006.3,1012.02,1170,841.15,190522,192811947.1,13709,WAAREERTL
2025-06-11,EQ,1030.9,1044,1007.2,1029.5,1024,1022.4,1026.48,1170,841.15,196115,201308577.6,12293,WAAREERTL
2025-06-10,EQ,1040,1043.9,1025.5,1033.2,1032,1029.5,1031.58,1170,841.15,200970,207317148.4,11866,WAAREERTL
2025-06-09,EQ,1031,1045,1031,1031,1036,1033.2,1035.84,1170,841.15,193465,200398480.7,11048,WAAREERTL
2025-06-06,EQ,1060,1067.5,1027.8,1054.8,1031.8,1031,1038.37,1170,841.15,282533,293373481.3,18821,WAAREERTL
2025-06-05,EQ,1095,1102,1050.1,1091.8,1059.8,1054.8,1066.86,1170,841.15,330343,352431070.1,24103,WAAREERTL
2025-06-04,EQ,1040,1099,1039.2,1031.9,1095.1,1091.8,1071.15,1170,841.15,809256,866836299.3,40537,WAAREERTL
2025-06-03,EQ,1025,1067.7,1022.1,1024.2,1034,1031.9,1045.28,1170,841.15,350239,366098439.2,26933,WAAREERTL
2025-06-02,EQ,1055.3,1055.3,1018,1055.3,1022.1,1024.2,1033.05,1170,841.15,208412,215300865.8,14923,WAAREERTL
2025-06-02,EQ,1055.3,1055.3,1018,1055.3,1022.1,1024.2,1033.05,1170,841.15,208412,215300865.8,14923,WAAREERTL
2025-05-30,EQ,1050,1068,1024,1040.2,1051.5,1055.3,1047.74,1170,841.15,371644,389386069,19482,WAAREERTL
2025-05-29,EQ,1030,1059.8,1028.95,1027.3,1043.8,1040.2,1042.25,1170,841.15,267834,279148667.95,16188,WAAREERTL
2025-05-28,EQ,1018,1042.75,1015.1,1016.05,1028.9,1027.3,1029.27,1170,841.15,188197,193705315.95,10378,WAAREERTL
2025-05-27,EQ,1024,1025,1003.5,1015.1,1015,1016.05,1013.26,1170,841.15,129740,131460306.15,9951,WAAREERTL
2025-05-26,EQ,1005.05,1035,1004.35,1005.05,1019,1015.1,1020.88,1170,841.15,203112,207352769.25,14264,WAAREERTL
2025-05-23,EQ,1016,1021,985.1,1016.8,1005,1005.05,1003.19,1170,841.15,264737,265580851.35,22449,WAAREERTL
2025-05-22,EQ,1005,1032.8,1003.4,1010.8,1017,1016.8,1015.18,1170,841.15,122391,124248379.85,9558,WAAREERTL
2025-05-21,EQ,1024,1031.2,1000.4,1021,1013,1010.8,1014.89,1170,841.15,202332,205344020.95,16392,WAAREERTL
2025-05-20,EQ,1046,1057.5,1016.35,1044.7,1020,1021,1030.19,1170,841.15,287748,296436351.9,19342,WAAREERTL
2025-05-19,EQ,1043,1070.6,1019,1028.4,1043,1044.7,1048.22,1170,841.15,519130,544164714.2,27951,WAAREERTL
2025-05-16,EQ,1018,1048.7,1018,1012.9,1031.75,1028.4,1034.01,1170,841.15,367325,379818587.55,20603,WAAREERTL
2025-05-15,EQ,1020,1021.75,1000.2,1009.1,1016.95,1012.9,1011.58,1170,841.15,143146,144804051.8,12167,WAAREERTL
2025-05-14,EQ,990.85,1020,984.1,978.45,1020,1009.1,1005.95,1170,841.15,299956,301739677.05,18722,WAAREERTL
2025-05-13,EQ,982.95,995.4,961.55,979.55,982.2,978.45,978.95,1170,841.15,181764,177937428.15,13482,WAAREERTL
2025-05-12,EQ,981.95,985,953.45,902.1,982,979.55,970.96,1170,841.15,257236,249764681.05,17088,WAAREERTL
2025-05-09,EQ,896,915.8,892.35,934.45,909.85,902.1,902.64,1170,841.15,321386,290095462,24960,WAAREERTL
2025-05-08,EQ,965,975,925.2,942.65,929,934.45,953.13,1170,841.15,188810,179961034.35,16464,WAAREERTL
2025-05-07,EQ,905.05,954.7,905.05,946.75,950,942.65,937.51,1170,841.15,265973,249351437.2,22950,WAAREERTL
2025-05-06,EQ,1000,1000,929.9,991.9,939,946.75,963.84,1170,841.15,181176,174625062.6,16502,WAAREERTL
2025-05-05,EQ,980,1008.8,965,964.95,994.95,991.9,990.61,1170,841.15,330133,327034335.1,24534,WAAREERTL
2025-05-02,EQ,960,981.3,955.05,959.75,963,964.95,967.46,1170,841.15,154747,149712291,13581,WAAREERTL
2025-04-30,EQ,1001.85,1004.3,951,1001.85,953.25,959.75,973.35,1170,841.15,262144,255157373.5,29767,WAAREERTL
2025-04-29,EQ,1009,1034.9,995,1007.4,1010,1001.85,1014.82,1170,841.15,212699,215851745.6,20305,WAAREERTL
2025-04-28,EQ,1019,1053.25,1002.85,1026.5,1009,1007.4,1021.71,1170,841.15,262960,268670159.7,24980,WAAREERTL
2025-04-25,EQ,1090,1093.1,1005,1094.7,1020,1026.5,1036.7,1170,841.15,403948,418774755.35,38634,WAAREERTL
2025-04-24,EQ,1132,1146.65,1090,1134.5,1095,1094.7,1114.19,1170,841.15,323517,360460157.55,24195,WAAREERTL
2025-04-23,EQ,1124,1164.3,1084.65,1106.7,1132,1134.5,1129.07,1170,841.15,884420,998570279.35,52716,WAAREERTL
2025-04-22,EQ,1098,1122,1073.25,1093.7,1105.95,1106.7,1103.93,1170,841.15,417029,460370837.2,28855,WAAREERTL
2025-04-21,EQ,1140,1140,1072,1107.2,1092,1093.7,1099.47,1170,841.15,562002,617905861,34864,WAAREERTL
2025-04-17,EQ,1096.55,1170,1082,1026.45,1114,1107.2,1129.69,1170,841.15,2969356,3354463498.05,123398,WAAREERTL
2025-04-16,EQ,940.95,1055,940.95,938.7,1032,1026.45,997.8,1055,841.15,833520,831684927.4,43454,WAAREERTL
2025-04-15,EQ,910,957.8,903.75,886,939,938.7,932.59,957.8,841.15,244458,227979150.65,22322,WAAREERTL
2025-04-11,EQ,903,910,875.5,856.25,886,886,887.24,910,841.15,114001,101146530.5,10526,WAAREERTL
2025-04-09,EQ,884.95,884.95,841.15,864.3,853.9,856.25,863.84,884.95,841.15,68541,59208161.8,6067,WAAREERTL
